ID,BlendProperty1,BlendProperty2,BlendProperty3,BlendProperty4,BlendProperty5,BlendProperty6,BlendProperty7,BlendProperty8,BlendProperty9,BlendProperty10
1,0.14625649,0.22808081,0.7248936,0.6131463,0.35381845,0.70535785,0.68790203,0.36092755,-0.33682084,0.3472652
2,-0.7926397,-0.6107182,-1.1974474,0.06372243,-0.72811055,-0.12015173,-1.1918147,-1.0503277,-0.9336963,0.03016244
3,1.7615108,1.1287111,1.0621121,1.069652,2.4716306,1.8768429,1.0275471,1.9992892,0.7841794,2.2520764
4,-0.4575124,0.3099464,0.9017637,-0.7187448,1.878562,-0.45322028,0.83174235,1.7810235,0.8779614,-0.96378744
5,0.15898165,-1.220972,1.0995394,0.45675245,2.454814,0.27693745,1.0688249,-0.13109542,-0.50577796,1.0606564
6,-1.4845692,-1.6942488,0.47010037,-1.4504586,0.009367389,-1.6155199,0.46138075,0.09491276,-0.9685788,0.095853195
7,1.168477,0.5554009,-0.12449988,-0.013806491,-0.10948693,0.5314799,-0.14205307,0.18091626,1.3027008,0.24680604
8,2.1239386,1.2644265,0.90010506,1.4424967,-1.514954,1.4722525,0.8472733,1.0871234,1.7433327,0.51151973
9,1.3834001,1.0940665,1.2358598,1.7886175,-0.55063766,0.9610544,1.211574,0.27222678,1.011079,1.0723732
10,-0.93387103,-0.8209021,-2.4089427,-0.58906144,-1.1994817,-0.6389,-2.3823543,0.36616588,-0.64628834,-1.2086585
11,0.049005013,0.5124528,0.76559556,0.43365484,1.6610631,-0.2397702,0.74418926,-0.03469806,-0.9685684,1.0534701
12,1.8376663,0.8877865,0.7619414,-0.3666135,1.1476926,0.5341188,0.75004286,1.1391875,-0.21479137,1.0910796
13,0.5529021,-0.5939546,0.85895866,0.059182588,-1.3734106,2.561393,0.8238447,0.75242907,1.4425391,1.8301964
14,-0.23519091,0.92393607,0.59414136,-0.90017605,2.7351341,-0.45989984,0.5608609,0.08090054,-0.7702741,-0.34355855
15,0.48647085,2.0534453,0.63416237,1.5957824,-0.20939112,0.20330973,0.5993748,0.89654106,0.57320255,-0.45562917
16,-0.088248186,-0.8268281,1.1797624,-0.7761036,0.5765033,-1.1274232,1.1446799,-0.13018304,-1.760628,-0.024349108
17,-1.4898255,-1.4806212,-0.16925783,-1.6062231,-0.7935536,-0.14612061,-0.17553443,-0.913138,-0.4211596,-1.4370087
18,-0.27531254,-0.5049148,0.3789729,-0.68743426,-0.04964777,-0.1921511,0.3681488,0.8838256,-0.21551107,-1.0338078
19,0.17372262,-0.43243545,0.8158709,-0.69905514,1.5054942,-1.0084692,0.7921915,1.514504,-1.3074702,1.6295235
20,-0.81860816,-1.5892045,0.5080251,-1.3849149,-0.77691346,-0.80951536,0.48614815,-0.017863045,-1.2817098,-1.8082186
21,0.14352863,-2.148618,0.14137499,-0.9338867,1.7876873,-1.9096202,0.13211887,0.95009124,-1.0349399,0.55257154
22,0.35676223,0.9450929,0.06792316,1.5883974,1.3150467,1.8773482,0.067186415,0.7481252,0.65559965,1.6555171
23,0.99728197,1.616106,1.1651912,0.7874842,1.5143672,0.2948643,1.1114362,0.8167399,0.15823506,1.3532774
24,0.11415603,0.7027353,0.50266576,0.37804478,-0.99786973,0.26407835,0.47283325,-0.6944448,-0.19997588,-0.0396774
25,-1.4853462,-0.9285422,-0.06929458,-0.60111135,-0.55683863,-0.35436943,-0.091818504,-1.0759511,-0.31134632,0.019858602
26,-0.38891274,-0.5674364,0.14362845,-0.9889413,-0.31279176,0.24434417,0.11179264,-1.295887,-0.07116697,-1.7412795
27,0.7857746,0.3097437,-0.5293975,1.6103127,-1.3533392,0.3763509,-0.540686,0.6639344,0.4991584,-1.0627344
28,0.18778639,-0.34402108,-0.54904735,-0.62029195,-1.1582068,-0.375485,-0.5464312,-1.0782391,0.7489016,0.68009305
29,-0.8252081,-1.5236636,-0.4268177,-0.5541922,-0.43897837,-0.7890159,-0.3991514,-0.9717726,-0.49063653,0.21971102
30,-0.21705268,0.12505898,-0.65186447,-0.8442861,-1.7303886,0.159131,-0.65259445,-0.8730116,-0.19792719,-1.789854
31,-1.172899,-0.40331945,0.1526405,-0.54743373,1.0737326,-0.89980227,0.15156546,-0.14444338,-1.3280835,0.31481546
32,-1.2994943,-0.44496137,-0.33039224,-1.0832179,0.380917,-1.4782857,-0.32678944,-0.21890327,-0.6264374,0.2984151
33,0.64967114,0.6125457,-0.3836087,0.5649753,0.145294,-0.45570317,-0.39088458,0.019992972,0.5153565,-0.19610775
34,0.64591444,1.0408506,0.12765726,0.06037618,-0.97526044,0.051494543,0.11357753,1.2754318,-0.19656277,-0.61272067
35,-0.7158786,-1.3599927,-0.28766206,-0.88729995,0.118301846,-0.42780995,-0.31037942,-1.2563795,-2.356306,0.21608572
36,1.8020306,0.3152778,0.5317317,0.66020274,0.811618,0.5851399,0.5030282,1.3718865,-0.31071162,0.39255956
37,0.04006668,-0.24704805,-0.55219585,-0.04697295,-1.2743714,0.35262126,-0.5558549,-0.19816853,1.7476128,-0.27785027
38,0.28112182,0.7968555,0.5088557,1.380849,0.31208378,0.71022826,0.48341444,-0.115619265,1.2027543,-0.6843114
39,-2.0747535,-1.5128562,0.14404891,-1.4396068,0.24382195,-0.2711625,0.13636956,-1.703708,-1.0025039,0.076748855
40,0.26089266,0.76924455,0.51657265,-1.2561033,-0.22501563,0.3110005,0.4990928,-0.27947563,1.0190009,-0.41879332
41,1.9385432,1.2846334,1.4687799,1.4129473,2.1898282,2.2515752,1.4117522,1.3410693,1.5241452,1.8779945
42,2.1413782,0.6628833,1.3219091,0.7768806,-1.2114106,0.6126625,1.2684656,1.1297925,1.582703,2.2713153
43,-1.7412853,-0.456108,-0.8547575,-1.3103174,-0.5059748,-0.4296285,-0.8541898,-2.1783938,-0.93612176,-1.5451443
44,1.1846457,0.4475725,0.22269978,0.5800583,-0.33610773,0.5222109,0.21107358,1.8248118,0.30051127,0.16034944
45,-0.58423114,-0.6490463,-0.14040525,-1.5439162,1.771406,-1.369842,-0.14901297,-0.068411775,-1.0050303,0.45563135
46,0.72162074,1.015462,0.67884266,0.5807951,0.73196816,0.81687903,0.6723816,0.4354317,0.9344218,-0.99667835
47,-1.4406224,-1.9090421,-0.74157286,-1.1806325,-0.07399235,-2.052912,-0.7228411,-1.2387837,-2.3200183,-0.39962605
48,-0.14721991,0.31617895,-0.22136554,0.13351539,-0.43962798,-0.5798964,-0.24697429,0.15610887,0.7780621,-0.5498823
49,-0.37530378,-0.9886979,0.39102826,-0.0783278,-0.9118839,-0.57761794,0.35572603,-0.3405598,-1.3172555,-0.038645536
50,-1.8881487,-1.5568488,-2.2125063,-0.7206663,-0.56387234,-1.4705906,-2.1857514,-2.1274233,-2.0626087,-1.8434101
51,2.4683018,1.0339547,1.6497542,0.48817644,2.390889,-1.0259573,2.0832446,-0.4886863,-0.800637,1.9362077
52,-0.19272076,1.0645248,1.6379312,-0.3130641,1.036347,1.2940445,1.9663259,0.28599986,1.1085223,-0.8929407
53,-0.044577856,-0.12533647,-0.36455962,-1.1535763,0.020520426,-0.66645586,-0.3785732,0.70427936,0.3825545,0.3459138
54,1.525873,0.5803264,0.13061337,0.4782796,0.6006614,-0.44437584,0.1348827,0.7145633,-1.105142,2.3661604
55,0.95696974,0.58233356,0.7344867,0.2037439,-0.10644746,1.2635628,0.7110176,0.17367658,0.9199033,-0.43637496
56,0.7145996,0.13264304,0.6962166,-0.009503192,-0.10583272,0.6119102,0.66428524,1.1513602,0.031036107,-1.0054693
57,-0.06631015,0.3437723,0.33801693,0.25051254,-0.20562479,1.1517341,0.3130238,0.31449917,0.62813723,0.71774197
58,-1.6345295,-0.9235865,0.45240626,-0.20814824,1.2281431,-0.8712168,0.44368377,-0.44182375,-2.1822667,0.15400253
59,-0.5070718,0.17913252,0.28461826,0.6642657,-1.3762476,-0.6752456,0.26575896,-0.44064215,0.21068642,-2.1596882
60,-0.9941976,-1.6432973,0.19659401,-1.532166,1.9355507,-1.0101027,0.18041606,-0.8548096,-1.2723137,0.64203227
61,-0.45677263,-0.15867601,-2.0638263,-1.09464,0.04652129,-0.90074605,-2.0374572,-0.6292953,-0.45899242,-1.2069992
62,-0.113073386,-1.3737125,0.059115473,-0.6785915,-0.96140194,0.9141317,0.04880898,-1.0910891,1.1379756,-0.7350318
63,1.5052297,0.3888411,0.54970217,1.8145483,-0.23312514,1.2332675,0.51407075,0.7725337,1.3874631,1.1228613
64,-0.28212532,-0.43011853,0.80186313,-0.6295743,1.0153744,-1.7409421,0.7610103,-0.18246211,-1.266646,-0.22055535
65,-0.403904,-0.9664528,0.9949847,-1.7291169,0.20402668,1.2987553,0.93962616,0.681724,1.0795958,-1.1380208
66,0.624253,-0.39164257,-0.34512722,-0.88601935,0.82161355,0.050800584,-0.36969873,-0.8920958,0.68113387,-0.20459785
67,1.0813602,1.7648704,1.3017472,0.4653553,-0.13871124,1.3552551,1.2662884,1.6415496,0.850616,0.66680557
68,-0.98254085,-0.9922006,-0.90770304,0.9222396,-1.0499892,-0.87944806,-0.9110049,0.26373482,-1.1385409,-0.4266673
69,1.549561,1.74376,0.94701755,1.0858101,-0.45930126,-0.12693682,0.8983089,1.1993258,-0.03655632,1.6648028
70,-0.009111356,-0.17367907,0.3381737,-0.23202907,-0.28764054,-0.84358484,0.3257493,-0.3434249,0.31197703,0.62442374
71,-0.28667745,-0.094108514,-0.038852632,-0.4453499,-0.80292696,-0.5970084,-0.04860401,-0.02637931,-0.5202157,0.6640705
72,0.7046942,-0.5297335,0.086332016,0.5748161,0.2918817,1.2099864,0.064957485,0.26840195,0.50838274,-0.8938755
73,0.35268798,0.8130301,1.6484113,-0.45727962,3.2417605,1.6086458,1.9474832,0.49478298,0.16805157,1.6296461
74,1.6694704,0.9735651,1.250625,1.1558551,1.5497398,0.08080227,1.2353796,0.9434112,0.46302387,2.228371
75,1.1337992,0.53090304,0.02400075,0.85640997,-0.5499612,0.32850626,0.008251348,0.60642964,0.81808275,0.5040978
76,-1.2704302,-0.49656296,-0.42331225,-0.43667316,-0.28500775,0.20728047,-0.3922384,-0.58104366,-0.41319406,-1.1087942
77,-0.61508095,0.31407627,0.76423967,-0.97495466,-1.1346934,-0.35903028,0.6980386,-0.49885434,-0.3906818,-1.0282362
78,0.8824653,0.9814256,0.93570393,0.36375144,1.0221171,2.1761954,0.90172327,1.8006992,0.66419065,-0.3776048
79,0.9394085,1.0375615,0.4090321,0.9450311,-0.6415318,0.3374675,0.37939548,0.9115779,0.87455493,-0.07823796
80,0.7707599,0.6763896,-0.79671854,0.7470138,-0.7108764,0.6217857,-0.8034853,-0.1379877,2.1108992,0.5887074
81,-0.058996685,0.8118797,1.1073927,0.24491255,-0.45566052,-0.55591977,1.0708543,1.4097626,-0.032107156,1.263388
82,1.6221346,1.169362,0.97329843,-0.33069324,0.33861056,1.4100715,0.94526154,0.14325936,0.69207424,-0.4520373
83,-0.77556443,-0.49271393,0.5775526,-0.74965185,-0.73302925,-0.2581268,0.56964993,-0.12372814,-0.31942967,0.18396847
84,1.0316968,0.5676444,1.1810626,0.65869033,-0.4786073,1.537666,1.1510948,1.5795605,-0.4984309,0.47986412
85,-0.397557,-0.4006408,-1.4548575,-1.0979301,0.06701539,-2.0802577,-1.4361967,-1.3617226,-1.0481113,-0.3441364
86,0.7423118,-0.6943851,0.81742346,-0.4119738,1.1639228,0.116613455,0.79618907,0.36770567,-2.4547794,0.60208666
87,-1.0011911,-0.9809038,0.93079615,-1.124976,0.014260505,0.6756458,0.90767,-0.80178386,-0.5464327,-1.4883728
88,-1.2250473,0.031469297,0.2681503,-0.5068687,-1.1116414,-0.7527102,0.26298377,-0.020335961,-0.81727904,-0.7140415
89,-0.30131102,-0.5041889,0.38060424,-0.5816289,-0.47648132,-0.7906762,0.37615067,-1.0545689,-0.8478071,-0.57645714
90,0.31033885,-0.8486555,0.8140936,-0.9297619,2.0503001,-0.7827612,0.7985344,0.29715088,-1.5259169,0.9549163
91,-0.5038527,-0.98486257,-0.22625488,-0.56939906,-0.88841546,0.122563735,-0.23865366,-0.19690433,1.0001813,-1.4558532
92,-1.5222037,-0.3972689,0.34739247,-0.89560366,-0.48947442,-0.8180111,0.34312612,-0.98412067,-1.5557934,-0.6492212
93,0.31345478,-0.99977046,1.6453487,0.65687716,0.6290784,0.19456121,1.7364047,0.6463587,0.15121642,0.8617532
94,1.8374598,0.72190183,0.64436924,0.6980986,-1.0243934,0.607627,0.6215312,0.6874458,1.1464182,2.2632499
95,1.2689567,0.6166278,-0.11760188,0.6598502,-0.25919753,1.3315561,-0.15168543,0.8920272,2.5321026,-0.9106651
96,-1.6422596,-1.1917961,-0.09406666,-1.682528,0.8025273,-1.94711,-0.09143944,-0.3951902,-1.6596986,-0.050518706
97,0.5922091,-0.22740313,-0.12421472,0.080735125,-0.17559183,-0.094251,-0.13442211,-0.02700154,0.42891914,-0.81557167
98,-0.74940515,-0.27126494,0.2374979,-0.9405603,-0.9731269,-1.4574318,0.20794968,-0.4064873,-0.10935177,0.01683485
99,-0.5096262,0.053157624,-1.4890523,-0.27680755,-0.048420932,-1.381693,-1.4722527,-0.7110974,0.06286089,-0.72575974
100,-0.43600217,-0.54268676,-0.23714831,0.36991978,0.62871337,-0.23833987,-0.2529082,-0.22796726,-0.52273196,-0.50850385
101,-1.3980858,-1.5009749,-1.8904463,-0.981757,0.514368,-0.8658108,-1.8605149,-1.9564607,-1.3088701,-0.52949244
102,-0.8428141,-0.9615884,-0.4834464,-0.6236384,-0.8254123,-0.08001906,-0.48234734,-0.44523525,-0.052736774,0.030118631
103,-2.2093322,-1.643059,-1.113244,-1.2572626,-0.8879646,-1.2937909,-1.1077911,-1.3990295,-1.2202001,-1.4818653
104,-1.3261845,-1.2692797,0.9773537,-0.16819361,0.8697855,-0.3371426,0.9347383,-1.0665789,-0.3642136,0.05800319
105,0.655052,0.41265953,1.1633725,0.7764059,0.13556246,0.18564937,1.1276233,0.8545612,-1.0934975,0.38272858
106,1.13218,1.1070127,-1.9471308,0.49163967,-1.5215173,0.6232949,-1.9230363,-0.84745663,2.3890343,-0.6394778
107,-0.6961198,-0.9713929,-0.26313144,0.24531855,0.34880853,-0.43163162,-0.2815705,-0.07096555,-0.6639831,-1.3118994
108,-0.8580793,0.014269261,-0.13638775,-0.7786105,-0.8065298,0.24722292,-0.14409852,-0.47723532,-1.0562165,-0.01756003
109,0.36083025,0.5793713,0.72522414,0.115507945,0.6415237,-0.4885284,0.70213294,0.27260754,-1.1662238,0.97022533
110,1.0038921,0.3374636,-0.823384,0.95239437,-0.43718895,0.60948986,-0.819826,-0.73356986,1.0773994,-0.5536062
111,0.1621023,-0.16488454,1.6063256,0.6419214,1.1802459,-0.29424617,1.5617623,0.8368334,0.12551752,1.2420795
112,0.9391916,0.5577653,0.37153572,-0.19789577,-0.26900825,0.30834645,0.37609127,0.88948816,0.8834773,1.2336768
113,0.1798409,-0.13974945,-0.2896178,0.42578354,0.1922222,-0.4236026,-0.28886017,-0.18431003,-0.03851165,-0.45693117
114,-0.32618192,-0.87240803,-0.90647393,-0.5993883,-0.8172586,-0.17692235,-0.8974344,-1.850004,-0.12056783,-0.03590447
115,1.2159326,0.36431178,-1.4834888,0.9807049,-0.3582747,1.3376373,-1.4634162,-0.23001102,0.84277904,-0.2765456
116,-0.400547,-0.107601,-0.57543886,-0.35448495,0.38195792,-1.247988,-0.56502193,-0.29800037,0.28889075,-1.0379868
117,-0.18798673,-0.54192495,-1.7399582,-0.7451878,-0.7983063,0.02161471,-1.724273,-0.601485,-0.2152058,-0.6147584
118,-0.067465566,-0.22310778,0.69797385,-0.7256207,2.7481072,0.8371244,0.6742545,-0.39257863,0.5913982,-0.5562307
119,-0.64483196,-1.1677048,-2.168537,-0.22552525,-1.6924318,0.19639187,-2.1512334,-0.79227054,0.98932266,-1.6306387
120,1.0885551,0.39252576,0.5241715,1.0684867,0.2923619,0.6583288,0.48145998,0.47235632,0.053803306,0.84015256
121,0.109163836,-0.02201514,-0.026879866,0.2356226,-1.1167291,1.2853833,-0.050855845,0.6492252,1.1252806,0.0483862
122,-0.533295,-0.9610128,0.48181102,-1.0163772,-0.13181402,-1.2821758,0.44672194,-0.6217164,-0.4465177,0.8718349
123,-0.057293296,-0.35270622,0.06645621,0.5165152,-0.2447974,0.6969646,0.04843247,0.08206186,0.3752106,-1.4691448
124,-0.39468682,-0.9489481,-1.4204632,-1.222705,0.11973902,-1.459467,-1.4126391,-0.77499956,-0.88160187,-1.0240176
125,-2.0141587,-1.8193645,-2.313131,-1.983287,-0.18086548,-2.0110803,-2.2998357,-1.576634,-0.9217249,-0.5669002
126,1.1684175,1.2002558,0.07157596,-0.412045,0.4013684,0.85295635,0.06593413,0.5313707,0.50460434,0.38319993
127,-1.6791962,-1.3325229,0.88002783,-0.35403147,2.6246703,-1.473326,0.85573006,0.004251293,-1.440519,0.09754758
128,0.53469574,0.51701844,-1.1672757,0.79016817,-1.2830092,-0.8234347,-1.1522857,-0.5118942,1.223914,-0.9095573
129,-0.24037081,-0.7725752,-0.029072648,-0.6959785,1.8585546,0.37078002,-0.041720785,-0.2782732,-1.029096,0.21849574
130,1.3106046,1.5475851,1.5626663,2.5994837,1.1436958,1.8154207,1.6516502,1.2916003,0.41525435,0.48475036
131,2.582551,1.5269406,1.0580044,2.0472126,2.611667,2.0778487,0.9903081,2.54515,0.94357765,0.37610817
132,1.5806779,1.4192077,0.6273281,2.3022816,-0.88506985,1.1279328,0.61575115,2.0982835,1.7522383,0.1594743
133,0.34382972,1.0725231,-1.1905848,1.7714977,-0.54145384,0.43062612,-1.1707023,-0.9393164,0.3637591,-1.5578915
134,-0.94742155,-1.9838358,-0.043190096,-0.7019574,1.6520224,-0.7116911,-0.05639779,-0.4069354,0.053549495,0.2796053
135,-0.6604309,-0.15679912,-1.6062756,0.26290992,-1.281111,0.9102841,-1.5996196,0.3307687,0.48060095,-0.24939148
136,0.47821245,-0.47947472,-0.32019332,-0.05638342,0.8661826,0.42520806,-0.3306604,-0.046442356,0.7455561,0.61462986
137,-0.14681752,-0.49784365,0.21767564,-1.054406,0.73954654,-0.30169034,0.21930967,-0.29051253,-1.5980506,0.8128411
138,1.5849576,0.20673826,0.65420943,1.6420515,0.19265923,0.46180484,0.63501406,0.082894474,0.8184703,1.526459
139,-0.07377352,-0.7556407,0.2641917,0.31598273,1.967471,-1.2129276,0.24897495,-0.26440474,-1.4472144,-0.51991385
140,-1.1185656,-0.34256914,0.86676854,-0.8814574,-0.09625829,0.55311835,0.84652615,0.8336971,0.4372459,-0.2133138
141,0.2827514,0.41681635,-1.1098634,0.071884684,-0.34069678,-0.86762697,-1.0768576,-0.640269,-0.659359,-1.3419368
142,-1.2156868,-0.64329314,-1.9492999,-0.7291783,-0.9259819,-0.28149107,-1.9354713,0.044542313,0.58077925,-0.93467075
143,1.1453121,0.97583425,0.7332581,0.8880674,-0.9381248,0.31982213,0.7030949,1.0925875,0.85503244,1.1599625
144,-0.09227631,-0.17227182,-0.16043253,0.14849709,0.48748523,0.27993867,-0.14308825,1.0584129,-0.3870434,-0.5238241
145,0.818621,1.2453573,0.9469402,0.71145475,0.04293976,1.3467573,0.8813905,0.7430773,1.851946,2.3100233
146,0.0040614326,0.95336056,0.05182556,0.30894315,-0.59852415,1.8966831,0.032580443,0.306433,0.51766056,-0.40256342
147,0.25364673,0.49711433,0.07161119,-0.37377492,-0.37823728,0.13738298,0.033129502,-1.1893501,-0.053209614,0.25419018
148,1.3287528,1.2429856,-0.15256259,1.3930693,-0.10481862,1.2834047,-0.16762322,1.4211019,0.8292216,0.43382427
149,-1.5416719,-1.3689215,-1.6548432,-1.3229103,0.039824575,-2.113542,-1.629151,-1.8007462,-0.15891182,-0.23625426
150,1.7748928,1.4350154,-0.24278162,-0.046616655,-0.4894412,1.0932134,-0.25792527,0.23127119,1.1423401,-0.45034063
151,-1.2239335,-0.5302779,0.16128811,-1.2822297,0.5883075,-1.5296476,0.13843344,-1.1656889,-0.5278121,0.36298025
152,-1.102148,0.20721659,-0.097956,-0.8835029,-0.21928197,-0.028560482,-0.10794693,-0.6649606,-1.2985408,-1.073451
153,-0.03604498,0.4505618,-0.7318989,-0.6801034,-0.45800555,-0.061947867,-0.7331872,-0.9203807,-0.84962916,0.84407336
154,1.9872559,0.6716793,0.63581187,1.0133,-0.31623048,1.5583892,0.5923468,1.9764639,2.3140807,0.51218283
155,1.2002136,0.3503538,0.676082,0.37576246,-0.82361996,0.3623965,0.6381202,1.523675,0.39277855,0.66932994
156,1.147382,0.5366445,-0.52603936,0.83783096,-1.3299464,0.07330626,-0.53336364,0.67139864,1.7081159,0.8241285
157,0.21378808,-0.08324584,0.059328087,0.2553733,0.4754772,-0.69514066,0.046902925,0.5470948,0.35629767,1.2111349
158,-0.68176115,-0.8143596,-0.028722642,-0.18859918,-0.0033734047,-0.7039935,-0.043426238,-0.43646964,0.67527205,0.033361644
159,-0.067375846,-0.5729278,-0.64734674,-0.22509544,0.78547573,0.29637152,-0.62329394,0.31190258,-0.016211033,-0.060390353
160,1.9020633,0.079599574,0.43496105,-0.44958228,-1.3597233,0.4556182,0.42702174,-0.49591726,-0.9331763,-0.5056825
161,0.46227705,-0.13683908,-1.6566166,-0.07489304,-0.41362658,-0.12879272,-1.6186371,-0.8102806,1.218644,-1.5185597
162,0.9907646,2.0138495,0.5468975,0.6380321,-0.45395592,1.2001839,0.5161173,1.1660742,1.4861296,2.007371
163,-0.5620548,-0.97797865,0.16234012,0.09259662,1.8444278,-1.4848145,0.16290747,0.64824027,-1.9230454,0.54392105
164,0.5610958,-0.3198765,-1.2648767,1.0042521,-0.24033388,-0.57611793,-1.2150347,0.8529444,-0.05393209,-1.2898858
165,-0.6411109,-1.1279436,-1.108853,-0.42618895,-0.393196,0.014712369,-1.1033107,-1.0939131,-0.7209586,-1.4045789
166,-1.1677002,-1.222085,-0.2852483,-1.1392332,0.11817131,-0.44044954,-0.27622223,-0.25708282,-0.13732383,-1.736776
167,-0.28159678,-0.49514425,1.6452924,-0.033359203,2.4545636,-0.566373,1.959626,0.27048382,-1.5222676,0.21072489
168,0.062996775,-0.34317425,0.24955653,-0.94462895,-0.09968761,0.4466899,0.23651206,-0.57397336,-0.4311359,-0.09895554
169,0.13832134,-0.0039920984,-2.5982473,0.016592411,-0.6950202,-0.23281626,-2.5639443,-0.67092925,-0.30247915,-1.6283026
170,-0.48492265,1.2695674,0.72820365,0.84433734,-0.48304212,-0.36014748,0.6876869,0.5385044,-0.35500786,-0.5125233
171,-0.39899877,-0.34433556,-0.2311125,0.0012932875,-0.6861911,1.1579831,-0.23741141,-0.041351326,0.2997079,-0.7962942
172,-0.20810403,-0.38157463,-0.33310345,0.61015743,-0.16496684,0.20543468,-0.35112476,-1.1077182,-1.072745,-1.630623
173,-1.1378775,-0.5856895,0.5928243,-0.64304173,1.3971863,-1.0299695,0.5593828,0.606553,-1.1142851,-0.3359162
174,-0.67499334,0.58367246,1.4831605,1.004786,2.5799332,0.12780087,1.4175266,-0.74166495,-1.2437515,0.8235804
175,-0.508488,-0.8963494,1.1282561,0.2895811,-0.65194786,0.11755871,1.1035274,0.01597267,0.29294774,0.55995494
176,1.0160317,1.5785161,1.4721197,1.1595132,2.5057046,1.2660652,1.4404885,1.5620587,1.0201747,2.0728095
177,0.20995566,0.41792896,-0.12180438,0.33731005,-0.3929931,-1.5390372,-0.10792604,0.26110223,-0.47588852,1.235566
178,0.98491824,-0.15613839,0.6203395,0.94808036,-0.5352997,1.2116538,0.5948063,1.2674143,1.5093971,0.80304456
179,-0.80005354,-0.9172467,0.93010414,-0.9413024,0.5238943,-1.3884518,0.8982821,-0.52376914,-0.7421127,-0.27554932
180,0.08664457,0.40905657,0.24166591,0.6122432,-0.17685899,-0.65618426,0.22863555,0.16488431,-0.6535358,1.5279267
181,0.50304693,0.7963389,1.5287651,1.3141063,2.4235265,1.0338036,1.5051574,1.1875993,0.67175335,-0.4686278
182,0.12553471,0.3691031,-1.1132662,-0.17098519,-0.120692864,-0.34197423,-1.1098397,0.1593293,0.06451406,0.17982736
183,0.64000183,0.89865094,1.0759226,0.9183377,-0.38915813,1.2573156,1.0400783,1.3418531,0.3077165,1.7085719
184,-0.9361247,0.025922341,1.622656,0.5336251,2.7389123,-0.57432777,1.7322989,1.5305431,0.4095532,0.35892203
185,1.7959125,1.3253584,-0.14699912,0.85224694,-1.0107869,0.12116314,-0.14550458,0.023619495,-0.13844681,1.8783741
186,-0.2824424,-0.4573556,0.021102268,-0.6695142,0.10562266,0.5075017,0.02386643,0.60955274,0.25961873,-0.24294432
187,0.7500933,0.31579918,1.4750375,1.1441985,0.0019593392,0.52120906,1.408873,1.5534699,0.29404122,1.1222445
188,-0.84612596,-0.18074271,-1.7024812,-1.225919,-0.40004387,-1.3728582,-1.6837974,-1.519054,-0.06280034,-1.4078143
189,-1.4016738,-1.5560412,-0.27701163,-1.452773,-0.46572137,-1.423821,-0.27924198,-1.4262217,-1.1323264,-0.5740573
190,-1.4177697,-1.3237728,-2.119223,-0.56404966,0.21318145,-1.2160889,-2.0916862,-1.7736665,-1.1461017,-0.5739222
191,0.9316635,-0.066903956,1.5328231,1.2340633,-1.4797469,1.6467607,1.5475636,1.3645502,1.7540612,-0.42464352
192,2.7774417,1.2104037,1.6221395,0.43805343,2.7619352,0.5593367,1.7005129,2.5751102,1.0514857,2.179151
193,-0.01702276,0.6960177,1.4923779,0.52357453,2.1287801,0.7318636,1.4644248,1.7850478,1.7755228,-0.23001659
194,1.0815678,0.07983248,0.2232565,-0.018502979,-0.1410774,0.31053248,0.20655787,-0.7791169,1.2679645,1.0264378
195,-0.13374335,-1.0845346,-0.018252328,-0.8255371,1.4343792,-0.501399,-0.019896287,0.033826325,-0.92212635,0.56361884
196,1.0431243,0.91937006,1.5929791,1.4775642,-0.703077,1.4454705,1.6703078,1.4077052,0.40886497,0.45568976
197,-0.44375706,-0.32690814,-2.0821314,-1.0766796,0.16004074,-0.67033935,-2.0602422,-0.49761873,-1.1243676,-1.4952348
198,0.78438294,1.2196127,1.3461202,0.9891733,-0.44410726,0.9803647,1.3103572,1.5963298,0.802119,1.9571173
199,-2.062625,-1.5145228,-1.4956267,-1.3580235,-0.38024986,-1.6250018,-1.4857968,-1.5224397,-0.69773,-0.30617228
200,-0.075465314,-0.064819224,0.34381238,-0.41539013,-0.57435507,-0.20470652,0.31611428,0.44747558,-0.55607474,0.6180873
201,-1.6336194,-1.0998663,-1.9433312,-1.8329576,-0.43845117,-1.975008,-1.910999,-1.4425855,-0.22384286,-1.6035442
202,1.6952713,0.75547785,0.64223415,0.66435295,-1.1753587,2.4482071,0.6204729,0.7640846,1.8631253,2.36298
203,1.2205174,1.531382,-0.009106972,0.7828377,-0.22697408,0.29979157,-0.038634177,0.9220279,0.9621604,1.7365558
204,2.803076,2.5823567,1.2960047,0.56167597,1.1642098,1.1472234,1.3156313,0.78244334,-0.26338634,0.25241843
205,-1.3220555,-1.8123957,0.21350896,-1.3891182,0.8946214,-0.52145314,0.21363734,-1.719459,-0.7819434,0.2868783
206,1.9740262,0.9001814,1.2615429,1.5107409,-0.49167234,0.669789,1.202287,1.0779922,0.5093346,2.056899
207,1.4849364,0.7457647,0.1766115,0.9813677,-0.104769535,0.14867972,0.19404541,1.8553474,-0.2704759,1.8401673
208,0.90702534,1.5675942,0.5081723,1.2546378,-0.39358595,1.8282853,0.45257062,1.5254912,0.8302669,-0.76471376
209,-1.3521491,-0.93603677,-0.5594697,-1.5032386,0.043743216,-0.39831242,-0.56378555,-0.599274,-1.0968673,0.5987015
210,-0.8157621,-1.190514,0.511008,0.94067556,1.6933686,-0.2824824,0.50725126,0.8182901,-0.82089764,0.63276553
211,0.3071917,0.45001298,-0.6095611,0.53723806,-0.40337855,0.41378433,-0.61759984,0.26149017,1.164483,0.71566665
212,-0.25075746,-0.32933605,0.31233588,0.11171853,-0.7785441,-1.0924718,0.3174112,0.20375335,-0.555396,-0.74353564
213,-0.7908045,-0.3503727,1.4062132,-1.0955914,2.2653472,-0.63969713,1.3323388,0.98805565,-0.6879701,-1.1262527
214,0.11572102,-0.0036553082,1.2059072,0.2939716,1.228215,-0.20780474,1.175877,-0.25982746,0.051393285,-0.087848224
215,-0.19834374,0.0050111087,-0.48755068,-0.11945748,-0.069760695,-0.33354506,-0.49090916,-0.85595834,1.2010795,1.1619784
216,0.81788784,2.3079927,1.6091098,1.9077313,1.9638608,1.6882156,1.6713773,1.7540435,1.3820219,-0.36073124
217,1.6540691,2.1342378,1.6416018,0.66140616,2.2807348,1.3037006,2.0924165,1.2645103,1.6076186,0.7294271
218,0.23662925,-0.52748567,0.80739766,-0.49746066,0.91920775,0.27660844,0.7807605,1.595641,0.06933356,-0.6109208
219,-1.6010752,-2.2386742,-0.93481165,-1.7139828,-0.471536,-2.0852857,-0.9163631,-1.4524069,-1.1412988,0.15892492
220,1.3690037,1.4542106,0.7767686,-0.6126421,-0.8416891,1.715511,0.7262414,0.30977073,1.4078122,-1.2576851
221,-0.53539336,-0.47334763,-0.8382881,-0.40869427,-0.27098605,0.11000442,-0.8520849,-0.78810155,1.2961587,-0.9243215
222,-0.59436566,-1.7580645,0.9129258,-0.30841538,1.1420608,0.16671328,0.8855319,0.237718,-0.06955302,0.356652
223,0.55764294,-0.49257818,0.6525328,0.10017239,1.5737077,0.28475493,0.6362149,0.22375573,0.18905498,0.6430414
224,0.43329036,-0.067829914,0.94247943,0.6923753,2.2084575,0.6725999,0.9020257,0.8044447,1.1292299,1.0561726
225,-1.3445091,-0.11678275,0.6505854,-0.8399335,-0.3966148,-0.2581762,0.6339835,0.44820225,0.2879546,-0.4542907
226,-0.05059379,-1.0928504,1.0079924,-0.2007478,-0.39369264,-0.9230978,0.9654797,-1.3954327,-0.9293501,-1.5860909
227,1.6909373,0.8682301,0.51217943,1.0617262,1.7330147,1.4031268,0.5109522,1.116272,0.42369372,-0.83832866
228,0.050165344,-0.7954628,0.95953846,-0.6270731,-0.86114854,-0.69577736,0.9223773,0.23748058,-0.5899543,-0.31670502
229,-0.70841914,-0.40294954,0.10846127,-1.1265205,-0.89409685,-0.17177355,0.108784646,-1.6110818,-0.8458933,-0.091984004
230,0.47588322,0.30936038,1.2337152,0.33958527,-1.1240566,0.121169336,1.2012926,1.4362085,-0.5944638,-0.97185826
231,-0.18042158,0.35368702,-2.0213661,-0.7835429,-1.3707726,0.2148829,-1.9843351,-0.61657655,-1.0734428,-1.6111243
232,-0.16746151,-0.39760253,-1.7117499,-0.4538299,-0.9915519,-0.4703567,-1.6887181,-0.5756142,-0.5480909,-1.0798495
233,1.1648209,1.8638762,0.71723396,1.520769,-0.64420724,0.79864347,0.6855242,1.1157221,1.066378,0.8543065
234,-1.4897118,-0.3990443,-1.8688153,-1.8526248,0.45003814,-1.4346577,-1.8497907,-1.1719955,-0.45803395,-1.5241109
235,-1.0735986,-1.9261986,-0.97544056,-1.0392957,0.88897777,-1.5586076,-0.9564687,-0.74233633,-1.4238628,0.10840951
236,0.518263,0.6055646,-0.7648027,1.5952343,0.32287186,1.6589788,-0.7857361,0.8932846,1.4875224,-0.549023
237,0.04710906,-0.4048933,0.74948186,0.9062336,0.6735814,0.31091145,0.7359614,-0.0077843135,-0.011582468,-0.030904135
238,1.5231098,1.0839615,1.4946454,2.32375,0.7603394,0.99025303,1.4640868,1.3652779,1.5577458,2.1165013
239,-0.41293508,-0.84110177,-1.3635355,0.19156666,-0.4232705,-1.3407983,-1.3614559,-1.1022562,-1.025145,-0.98215604
240,1.9785935,2.1112294,0.95881873,1.7573242,-0.625666,1.1526554,0.9373736,1.5741025,1.177601,-0.16789578
241,-0.8335464,0.2991863,-1.6481551,0.68810475,-0.9828197,-0.6961819,-1.6128114,-0.003164982,0.023173166,0.22768307
242,-1.1709709,-0.27272585,0.25945604,0.20865299,-0.33602354,0.31925556,0.24028698,-0.4217564,0.0730404,-0.51805615
243,-0.67884403,1.0084999,0.25734973,-0.017427268,0.27255177,0.14108875,0.23304133,0.5382062,0.2924092,-0.8867838
244,1.1642047,1.1546198,0.39874116,0.7294119,-0.21178937,0.47891417,0.37091285,0.6142654,0.585642,-0.2877929
245,1.3709762,0.7892321,0.23470525,0.97041994,-1.3505572,0.8359523,0.22309506,0.75242275,1.9852432,0.9671242
246,-1.1484611,-0.58906835,-1.4631099,-0.26438916,-0.9952014,-0.5145872,-1.4516884,-1.2236761,-0.573651,-1.6350527
247,0.42759112,-0.518387,1.2629282,-0.2544328,0.19628721,0.04436396,1.2002861,1.3119198,-0.47359648,1.1385508
248,-0.5287106,-0.7453022,0.44162673,-0.974708,0.17418608,0.09527805,0.43216363,-0.29764637,-0.25596753,1.0273049
249,0.9451426,1.9372247,0.5995497,0.7016458,-0.38671184,0.408918,0.5832627,-0.25456998,1.1800781,1.8563814
250,0.8860885,1.9044966,0.5753821,2.116509,-0.4970833,0.35805485,0.55030274,1.1742878,-0.083848916,1.9699297
251,-1.4939644,-2.2288175,0.030332722,-1.2730237,-0.2494381,-1.8368458,0.022419954,-0.74212587,-0.42049,-0.11349673
252,-1.1104555,-0.054890916,0.19560163,-0.18034708,0.31829053,-0.37167025,0.18363819,-1.1911579,-0.26959983,-0.7165326
253,2.2658463,2.4889657,0.60564685,1.8398987,1.8341341,2.4048865,0.60162985,2.9706552,1.9577729,0.68859804
254,0.0895246,-0.25821853,0.33860075,0.8425917,2.026718,0.48021472,0.34935454,-0.8315789,-0.6448903,0.25733432
255,-1.4615012,-1.6439298,-0.8988939,-1.1364064,-1.1438351,-0.59703183,-0.88841873,-2.053727,-1.0985168,0.2281201
256,0.64324874,0.5269283,1.3122097,0.22034307,0.45455575,1.3031567,1.3829068,-0.1074474,0.9648207,-0.82365865
257,1.7001022,1.3877357,1.3030198,2.5205603,-0.049357552,1.117194,1.273743,1.3813134,1.7599527,2.4951863
258,1.3404644,0.9830131,0.5120013,1.7786932,-0.4078365,0.7728864,0.50623417,1.4167708,0.8404035,0.6340835
259,0.732715,0.4117999,0.27534974,1.0705028,0.13808158,-0.04447715,0.27588868,0.30900353,0.32277092,-0.73307294
260,-1.4418111,-0.58306503,-1.5265598,0.255122,-0.51058125,-0.3926391,-1.4999919,-0.43129197,-0.27437356,-1.447021
261,-0.053421404,1.428961,1.4714189,-0.039443847,1.5241653,2.1997242,1.5680397,1.559546,1.687514,-1.2373289
262,-0.690565,-0.79664975,-0.7140972,0.24107571,0.6049707,0.82586074,-0.7176316,-0.63559544,0.41737103,-0.9724657
263,-0.23137046,0.95833534,0.81114984,1.4781022,-0.92958486,0.57235813,0.78535146,2.963622,-0.1393453,0.7696268
264,-1.812766,-0.38179985,-0.43747482,-0.46401283,-0.6572165,-0.6511016,-0.44980946,-0.8183175,0.21554041,-1.4169822
265,0.063572414,0.6653505,1.1632031,-0.48066878,1.7085581,-0.41175097,1.1001891,0.71471846,-0.42440873,-0.061274894
266,1.3814521,1.2638359,1.2598594,1.3839663,2.26833,1.3825411,1.2036638,1.5533024,1.2791111,-0.0015572939
267,0.7276722,0.73656374,0.91136754,1.1900103,0.39173308,1.5111123,0.89125645,0.6367638,1.2071865,-0.16874593
268,-1.7651184,-1.0387608,-0.5515614,-1.3075736,-0.3935798,-1.7037288,-0.5421177,-0.4989911,-1.077136,-0.35873288
269,0.2359553,-0.20344731,0.60734135,-0.06687885,1.3624048,0.9985237,0.59160304,0.7496142,-0.33400363,0.88353187
270,-0.7495232,-0.3287641,0.60422,-1.0296935,2.0820942,-0.27096656,0.590818,0.03480017,0.4591788,0.6071105
271,0.18807852,-0.3481559,-0.5221385,0.5266657,0.5838236,0.47919276,-0.52117306,1.614594,-0.046800137,-0.22069344
272,0.38177162,0.32108152,0.57702094,1.2937251,-1.6576478,-0.5553841,0.55446243,0.13409099,0.22877428,0.02147639
273,1.4544293,0.83958197,1.2557378,1.4632142,0.34696364,1.2418623,1.236661,0.942566,-0.07011355,2.5195405
274,1.1205715,1.503792,1.1707033,1.7133951,-0.71363336,0.16282657,1.1665987,0.04258956,0.11030006,1.4933115
275,0.2057355,0.325095,0.518672,1.3151742,1.464235,1.145451,0.4958553,0.5129756,1.1252314,-0.42885268
276,1.0150013,1.2083056,1.6460631,0.8960333,0.15125081,0.581849,2.2260916,1.7365503,-0.268344,1.6402891
277,0.84050405,0.593599,-0.91287005,0.96613604,-0.8200308,-1.0745822,-0.903909,-0.42644048,0.09699163,0.4447233
278,-2.172784,-1.7065823,-1.9060272,-1.1983138,-1.1314983,-0.15021092,-1.878556,-1.785512,-0.3354409,-1.6549453
279,1.7273904,0.91909003,0.49499053,1.5134575,-0.438621,0.8524945,0.48488325,1.6360883,1.3297836,0.41707608
280,1.2866738,0.5430287,0.5506705,1.7160162,0.4587809,1.0060166,0.5181016,0.10242927,1.7959619,0.6054947
281,-0.23830381,0.17117152,-2.2094378,-0.5605418,-0.14868031,-0.08611496,-2.1855376,-1.3956879,1.6071901,-0.85757804
282,-0.111672685,0.3325222,-1.4269154,-0.43047255,-0.5538552,0.67537427,-1.3912202,-0.5602038,1.3111684,-1.3360939
283,-0.20366101,-0.16375715,-0.17799328,0.03270646,-0.0020713788,0.7649972,-0.1764296,-1.0199292,-1.5633255,-0.0009337687
284,-0.84792864,-1.4707144,-0.12556143,-1.4867444,0.041081157,-1.6049913,-0.1804292,-1.2034038,-1.0143605,0.07265508
285,0.3704699,0.19171056,-0.88822526,1.5285832,0.30320513,0.7054342,-0.86642087,0.5275886,0.29654503,-1.2284324
286,-1.2787379,-1.407544,-1.3578473,-1.7203857,-1.6700895,-1.7926755,-1.3491338,-0.68514377,-1.6615369,-0.56124383
287,0.28653806,-0.2797662,-2.0861113,0.59110683,-1.3731157,-0.575484,-2.0688143,-0.7333329,1.6880662,-1.214673
288,2.2101178,2.6491773,0.6757074,2.798503,1.8152791,1.7901146,0.65630877,1.8211086,1.4614118,0.9536806
289,-1.3257408,-1.1730322,-1.7275181,-1.1670079,0.2298921,-1.0951539,-1.7065725,-1.2180656,0.10194595,-1.3168968
290,-1.3621272,-1.5183538,-0.5466203,-0.8482654,-0.3051141,-0.8600983,-0.54665846,-1.0263362,-0.62778896,0.55859745
291,-0.915605,0.11995537,0.09663959,0.02759589,-0.842907,-0.36389518,0.08454716,-0.43842605,-1.7776307,0.97342384
292,0.9485097,0.060274713,0.16339044,-0.21059968,0.70320576,-0.19958545,0.16755027,1.3893156,0.121455505,1.4314659
293,-0.7266437,0.1952699,-0.23910035,-1.1026458,0.054026224,-0.9826718,-0.2540486,-0.2052849,-0.49732813,0.30512062
294,1.1484238,0.75844026,-0.15965995,1.1716762,-0.049674783,1.0944318,-0.18509245,0.41041064,1.5540314,-0.09098354
295,-1.4340577,-0.37002817,-1.6199265,-0.7240461,-0.99627066,-1.6422937,-1.6065888,-1.1264088,-0.8470521,-1.3248016
296,-1.5731342,-1.3787137,-1.0513884,-1.806226,-0.47816604,0.2590132,-1.0448381,-1.648362,-0.65506196,0.047121294
297,-0.9442744,-0.022009384,-1.1098634,-0.2788276,0.12507223,-0.49820423,-1.1045454,-0.96233267,-0.45885354,0.1878776
298,0.30509087,-0.07739197,-1.3066729,-0.836686,-0.36815855,0.12182748,-1.2795434,-0.09432282,0.9168722,-1.2539306
299,0.7368677,-0.007431708,1.2694752,0.8655548,2.370903,0.31780732,1.2569714,0.5942683,-0.5925863,0.4216838
300,-0.9306262,-1.4859694,-0.9296349,-1.5424283,-0.9627799,-1.5698806,-0.916765,-0.14215925,-1.3345029,-0.5245418
301,0.52895296,0.51775146,-1.589727,0.47420314,-0.7295251,1.3352417,-1.576689,0.11621981,0.50430596,-1.4469036
302,1.0285882,1.4400024,1.6244984,0.5350366,1.9234028,0.68080866,1.705435,0.55730724,0.29591054,1.0279334
303,-0.27692485,-0.39926982,0.6025308,-0.14018367,1.9074664,-0.1732049,0.58253,0.03930515,-0.5656774,0.5311518
304,0.48464984,1.2071346,0.4190137,-0.51353467,0.1531468,0.8461664,0.39947394,0.7506104,0.5561363,0.5959821
305,0.4637019,0.73736495,0.94819605,1.222816,2.146668,0.8088989,0.91518587,0.9853118,1.0763005,-1.0541677
306,0.4257995,-0.5618365,0.8340704,0.7958997,-1.4414263,-0.052068684,0.7973723,0.35793966,-0.9647018,0.8848404
307,-0.28183445,-1.4133954,0.8613721,-0.7611658,1.3582511,-0.2562175,0.81193143,0.4383039,0.56958294,0.84923035
308,1.1682016,1.9902769,0.7985513,0.487947,-0.14851733,1.2506865,0.7783717,1.7099322,1.0653967,-0.2502229
309,0.09335351,1.0188936,1.4573929,-0.33001485,-0.9613264,-0.64758754,1.4112942,0.50781125,-0.74080676,2.3203094
310,-0.06482348,0.72377837,-0.6317951,-0.6806702,-0.10827443,0.4614459,-0.63174784,0.5455518,-0.13185497,-1.1597803
311,0.7910426,-0.82381195,0.6491516,0.5904512,-0.0856778,0.95891774,0.6365291,-0.3689208,0.20618246,-0.35506177
312,0.12053981,-0.99720114,-1.2639718,0.14809598,-0.58925444,-0.026654672,-1.2616512,-0.86061984,-0.80794716,0.11327039
313,0.0441435,-0.32977188,-1.8174213,-0.5296623,-1.0592344,-0.4902128,-1.8000733,-0.76712674,-0.6169226,-1.4259429
314,0.9774187,-0.72266775,-0.20289357,1.3734878,0.35221407,-0.37800804,-0.20771381,0.107759684,0.7437011,0.8411876
315,0.10837596,0.46950215,-1.8438823,-0.33983988,-0.3599556,0.43111545,-1.8241043,0.8345815,1.605245,-0.5315532
316,-1.8749223,-1.2746476,-0.5979046,-1.0350109,-0.9239571,-0.8880825,-0.5915801,-0.75970525,-0.51331544,-1.1971704
317,-1.2726523,-0.85056347,-1.9044152,-0.94114083,-0.055836283,-1.8159916,-1.8808779,-1.6094681,-1.717539,-0.8602049
318,-0.2290803,-1.268158,-1.2505555,-0.5200863,-0.8822071,-0.66985124,-1.2221118,0.52237314,0.9180696,-0.068183556
319,-0.5189909,0.09060809,0.20455264,0.71556437,-0.61192775,-0.51720893,0.21206707,0.7169673,-0.3651643,-0.28635046
320,-0.6813672,-1.3635281,-0.31856823,-1.2065886,0.3518088,-0.9390102,-0.31638554,-0.39993885,-1.2036544,-0.017063603
321,0.78785735,0.5964405,0.83319837,-0.4441321,1.0155238,0.28474033,0.7876935,0.018919088,-0.21894187,0.8124797
322,0.9794921,2.578997,0.5059474,1.1601442,0.11432544,1.1895556,0.47847024,1.160885,0.7210546,-0.49194252
323,0.34216768,1.3047264,0.6521085,1.2560135,-0.30999318,0.05386071,0.62905353,0.8033485,0.80529785,1.5765965
324,1.2232482,0.52936244,0.9722669,1.6669916,-1.27288,0.036741782,0.94872314,0.77117795,0.22351511,1.7442893
325,-0.9408244,-2.3507013,-0.04161419,-0.8773869,-0.3202152,-1.4573025,-0.052138086,-1.2410525,-1.2093585,0.2641812
326,-1.13492,0.59204453,0.8233078,-0.979505,-1.1193094,-0.5906252,0.786909,-0.5743523,-0.834366,0.9859229
327,-0.54693496,-0.4558085,1.1395756,-0.27515057,-0.4751428,-1.18264,1.0941755,0.77186084,-0.1694896,-0.5639167
328,-0.9695031,-1.1254817,-0.3746657,-0.7413685,-0.08961865,-1.0245231,-0.36596313,-0.14712784,-0.0640442,-0.6523785
329,-0.5434899,0.78916645,0.43924227,0.27873304,2.1326537,2.3181345,0.40923053,0.04969215,0.780413,-0.37312925
330,0.22184923,-0.16862357,-0.024234032,-0.21584474,-0.7931751,0.56039214,-0.035087176,-0.32963765,-0.7800863,-0.16903454
331,-0.39834708,-0.88160783,-0.9541009,-1.1242604,-0.30193344,-0.5167226,-0.9541822,-0.8792598,-0.5262899,-1.1748999
332,-0.7739068,-0.2603243,-0.7238914,-0.34767926,0.31519747,-0.8259895,-0.7273695,-0.93262655,-0.5072026,0.07676106
333,-0.5887795,0.5288653,0.6245555,-0.75307256,2.5800114,-2.2651772,0.6237878,1.8964078,-0.88729346,-0.4105745
334,0.94979197,1.0678058,0.8091257,1.4768186,-0.09091669,0.0779799,0.7685757,0.20155826,0.6351841,-0.4057974
335,-0.8550602,0.061572194,0.9748905,-0.54636306,2.153396,-0.21559018,0.9535745,-0.36411354,-1.0576098,-1.4160094
336,-0.133233,0.548654,-1.4008284,-0.89021534,-1.1717097,-0.4456763,-1.3971018,-0.9783819,1.0689803,-1.2345877
337,1.5207362,1.0389636,1.4498153,1.346439,1.9625822,1.4637561,1.4274056,1.3345915,0.7811821,1.9216806
338,-1.4728827,-0.8237728,0.73742646,-0.6384435,-0.76119614,-0.83768654,0.70430285,-0.7205993,-0.19543321,0.20481767
339,-0.83205456,-0.30681577,-0.8248951,-0.6541037,0.4684962,-0.17757297,-0.83126384,-0.0056339125,0.81624293,-0.5965465
340,0.6576869,0.29194778,0.7843256,0.91449815,1.2547543,0.66962516,0.7448621,0.41640928,0.14240783,0.26011923
341,0.24284731,-1.2835469,1.0107257,-0.4624558,2.1348996,-0.17733635,0.991217,-0.5280389,-0.5891237,0.16024172
342,-1.4719837,-1.3667461,-2.8537345,-0.6599846,-1.2195383,-1.1492261,-2.8526137,-1.9980897,-1.0564796,-2.071991
343,1.6827766,-0.3995277,0.9088783,0.212488,-0.7154751,0.9772278,0.8733714,-0.1647389,-0.66546005,1.2593886
344,-1.1448773,-1.6805829,-1.3052393,-0.8816647,-1.0240335,1.4819447,-1.3144461,-0.8560581,-0.9281538,-1.5080692
345,-0.11998679,-0.117777556,-0.44847855,-0.59659106,0.059104543,0.49706182,-0.49064565,-0.8894071,-0.6835013,-0.22730349
346,-1.367732,-1.6511079,-1.8688424,-1.781487,0.26549926,-2.3645601,-1.8424385,-1.8138276,-1.9756303,-1.7801193
347,-0.1325411,0.7014836,0.78896654,1.0902826,0.17955358,0.08178833,0.75112116,0.7892964,0.47615704,0.0071899453
348,0.50347126,0.37719056,-0.15980794,-0.6697515,1.059459,0.26539633,-0.15659297,1.2496167,-0.20842187,-0.9940601
349,0.22801886,0.47137773,-1.8572376,-0.4762584,-0.62132,-0.29100248,-1.8393646,-0.45652637,2.0195303,-1.2899518
350,0.1751269,0.023408845,1.3549466,0.5384458,-1.2721255,0.79145426,1.3033981,1.2339534,0.30055916,1.3216411
351,0.2135816,0.50432754,-0.12764339,-0.42933995,-1.7307339,-0.5845093,-0.16675736,0.5555917,1.3147705,-1.3049837
352,0.3179331,0.53855085,0.92313004,0.71434647,0.5149885,0.55720323,0.89884317,-0.38398296,0.92255306,0.9458047
353,0.5236227,0.9353214,0.116004266,1.0320011,0.6183697,1.8333726,0.10427523,0.4375355,-0.23478895,1.5509832
354,-0.2236301,1.1710138,1.142733,1.2573421,1.1059641,-0.20945343,1.1028172,1.4291867,0.04515851,-0.9999931
355,0.8618308,-0.6898257,0.58990794,-0.16379577,-0.5959414,0.86451566,0.5483799,0.9769263,-0.63185525,1.1668483
356,0.8070542,0.25871405,-2.093787,0.48000842,-1.543062,0.7608522,-2.066688,-0.32652822,1.6426061,0.6783171
357,0.3778078,0.33149314,0.54426277,0.7929624,-0.5270513,0.38015246,0.5151587,0.4961192,0.5808137,-0.28224787
358,-0.027035559,-0.18184352,0.4509655,-1.0369147,0.265418,-0.33910158,0.4476339,-0.093347766,-0.013454314,-0.018216599
359,0.58929896,0.2659658,-0.11267176,0.1105387,-0.20336777,-0.13799866,-0.12447237,-0.5196583,-0.052526645,-0.35776553
360,1.0357996,1.4629006,0.52876747,1.9856377,1.6908903,0.9811429,0.5049338,1.174349,0.44518328,1.305216
361,0.84720814,0.4322108,0.7926853,0.6429296,-0.20769769,0.5808564,0.7629211,1.2985295,-0.42550933,1.3991162
362,-1.0246284,-1.4710017,0.592475,-1.1485459,-0.5587975,-0.7804992,0.57146066,-0.18084551,-1.0687997,0.44150418
363,1.2187326,-0.010953303,0.62825894,0.975527,-0.44643658,0.9754343,0.5878509,0.1031267,-0.0022664361,-0.96821046
364,-0.71741784,1.6063018,1.4514918,-0.20656753,2.8652604,0.8587038,1.360142,0.57156295,1.0460364,-0.07014154
365,1.4195538,1.103754,0.22480942,1.3230208,-0.16769181,0.7867827,0.21596612,-0.013489129,1.5682809,1.3363566
366,-0.47603688,-0.22426848,-0.171041,-1.1768669,-0.6330755,-0.73398864,-0.17094287,-0.7351534,-0.366964,-0.10509449
367,-0.873791,-1.5948014,-1.2626227,-0.73571545,-0.3227688,0.21447471,-1.2722902,-1.5586008,-0.6972518,-1.0397093
368,0.8997173,0.50732094,0.10056851,1.069306,-0.57463557,1.2809708,0.07055309,0.4018285,1.9086338,0.23478864
369,0.3629862,1.1796644,0.6559535,0.9909092,0.06221116,1.5872712,0.6273123,1.3718047,1.9234722,1.476305
370,-0.16292804,-1.7319602,-0.28277686,-0.3249717,0.47117004,-0.9232773,-0.27972084,-0.31060836,-0.47770005,0.15653802
371,-2.0093715,-1.2334403,0.50199836,-1.0168117,-0.054203834,-1.687802,0.540335,-0.47425246,-0.8893305,-0.7527718
372,-1.0260565,-1.2448666,0.7344205,-0.59473693,0.7766167,-0.6919605,0.6984477,-1.3400825,-0.76402414,-0.6290085
373,1.1986597,0.26141363,-1.1951777,1.6559367,-0.0929494,0.841711,-1.1744351,-0.16200998,1.30519,1.5311909
374,0.21171351,0.045163177,0.80306697,0.6483086,-0.35097456,0.9502565,0.7834362,0.3578981,-0.0424576,1.8382655
375,-0.69841355,-1.2621478,-0.7384451,-1.7762226,-0.64204377,-1.5038381,-0.7212032,-1.7043358,-1.4942627,-1.6614014
376,1.9788344,0.73811007,0.852669,0.89848524,2.7732854,-0.23899984,0.8468406,1.1230578,-1.088246,1.0717622
377,-0.23825558,-0.24468376,-0.08709087,-0.41740486,-0.7812044,-0.28515622,-0.1281073,-0.38961464,-0.2540842,-0.5070322
378,0.52675384,-0.16174857,-0.27210388,0.5670485,-0.53687567,1.4629563,-0.25730586,-0.509677,1.0280353,-1.145156
379,-0.015343799,0.73306364,-1.1221968,1.6515636,-0.78668034,0.46854702,-1.1193553,-0.19425845,1.9529955,-1.0120168
380,-1.726785,-2.049712,-1.9575512,-2.3857384,-0.21216348,-1.5402021,-1.9375994,-2.0440967,-1.7517738,-1.524493
381,-0.9918581,-0.9465632,-1.1666062,-1.3462887,-0.8989372,-0.7307988,-1.1588341,-0.99420005,-1.3531804,-0.49284446
382,-0.05734365,-0.59700257,-0.9191259,-0.42404506,-0.86789304,0.00030000546,-0.91735035,-0.9812403,-1.7199601,0.112558536
383,1.5016122,0.99929637,1.052442,0.87415457,-1.7321458,0.3644664,0.9906567,0.41440588,-0.16580828,2.1453624
384,0.9393424,0.9290428,0.23261163,-0.65521854,2.0277145,0.9963518,0.2329012,0.7522979,0.52981645,-1.1643207
385,0.48359975,1.103821,1.4022073,0.7313896,-0.3176064,0.9351467,1.3876473,1.6812885,1.203656,1.0604165
386,1.1084795,0.6852954,-1.2171577,1.1039853,-0.5561262,0.86720735,-1.2218832,0.66174084,0.7017682,-0.74626625
387,-0.103019945,-0.854377,0.25304973,-0.11625509,-0.5505864,-0.6802562,0.21838096,-0.6773398,0.65721333,0.34926596
388,-0.2105392,-0.067219295,1.1738971,-0.16402985,1.9240477,-0.32893974,1.1409185,0.44871703,-0.4598948,-0.34206507
389,-0.5255502,-0.74648106,-0.9337767,-1.0255009,-0.19083577,0.4071671,-0.9203554,-0.60308486,0.07288328,-1.0089898
390,1.3189496,1.5125797,0.970079,0.83347774,-0.3937596,0.8874147,0.89679104,1.5257872,1.1843443,-1.3930964
391,1.3588119,0.9976852,0.31743976,-0.35449228,-0.9516221,2.038079,0.29433256,1.3270613,1.5823005,-0.47640958
392,1.9027967,0.43612382,0.7440251,1.363291,-0.77531254,1.1940047,0.7264821,0.82243186,0.71202826,1.5540107
393,0.508562,0.4671795,-0.16139284,1.0426973,-0.47232544,0.94355536,-0.16339964,1.0726868,0.7716343,-1.4382396
394,-1.8360333,-1.2053235,0.6001293,-1.1046515,-0.9578455,0.017453015,0.5694557,-1.1730467,-0.6661221,0.1785273
395,0.5289989,1.1643304,0.9649565,0.49178302,0.6210231,1.951112,0.92276853,0.8097229,0.9792825,0.43821746
396,-0.39421925,-0.61260086,-0.1322445,-0.5987155,-0.51818204,0.1177179,-0.15509827,-0.61936384,0.09786897,0.17989469
397,-1.0841782,-0.9381076,-1.3730116,-0.95633185,-1.1346452,-1.5668162,-1.3558542,-0.96594846,-1.7003766,-1.1462407
398,-0.14219728,-0.1871229,-3.0178473,-0.93380797,-0.32860255,-1.1310496,-2.9925756,-1.8139906,-0.18368535,-0.9781522
399,-1.1954782,-0.8070541,-0.46399632,-0.9736764,0.2244726,-0.46502247,-0.4558985,-0.67797786,-0.37972736,-1.90226
400,-2.0114424,-1.6560353,-2.084719,-1.5452942,-0.062469654,-1.89844,-2.0606081,-1.4124312,-0.8075981,-0.1474372
401,-0.9462221,-1.7226704,0.5808364,-0.29240456,1.9792604,-1.2564075,0.5527489,0.026476743,-2.1347861,0.23293884
402,0.6153037,1.4950736,1.0377487,0.7584487,1.1421611,-0.09323259,0.9793998,2.0960834,-0.08462053,0.35606298
403,1.9919857,1.4979546,0.5848684,1.5028162,1.1862618,1.7405483,0.57651716,0.9243956,0.8947987,2.3277285
404,0.47030455,0.49691376,0.6684575,0.22412843,-0.31996912,-0.5912626,0.64128745,1.0856367,-0.51337165,0.216881
405,-0.013512486,0.73346215,0.67116755,0.8418337,-1.4703634,0.31000644,0.640336,0.009326763,-0.5333273,-1.117845
406,-0.00039203657,0.0033807785,0.13029656,1.0985507,-1.1104192,0.30126834,0.12555452,0.13976924,0.10741144,-1.1434325
407,1.0013983,-0.19491316,-0.1176413,0.8153308,-0.5902484,-0.13174482,-0.13388999,-0.34051716,-0.24612586,-1.4927626
408,0.050381202,-0.7447661,0.7462457,-0.4314566,1.6348895,-0.84918934,0.7218373,1.7568578,-0.03304073,0.68683404
409,0.33919805,0.62892514,-1.1955817,-0.36487743,-0.60353816,0.8010212,-1.184697,-0.43533263,0.26241958,-0.54930747
410,0.2979171,-0.37721273,0.052466903,0.12389393,-0.058988504,-0.14015602,0.04142995,-0.3776281,0.11728122,0.8549267
411,-1.6204339,-0.6994512,-0.35029182,-0.4781238,-0.64557695,-1.3740898,-0.37895158,-1.139296,-0.9103313,-0.12914503
412,2.1388628,1.3092878,0.9032312,1.6124033,-0.92051005,0.55090237,0.8696678,0.7952961,1.1798034,0.25514108
413,-1.5498973,-1.0419188,-0.69120157,-1.3554364,-0.31912625,-0.67382216,-0.6880794,-1.06958,-1.6915677,-1.5001386
414,-0.36685753,-0.7185053,0.8540237,0.32622927,-0.4607771,-0.78671783,0.82550186,-1.2623512,-0.27268004,0.59613657
415,2.19007,2.069542,1.5523528,2.04301,-0.33625203,1.1321672,1.6104499,0.9184592,1.7587845,0.55737436
416,-0.6565692,-1.1518075,0.23621173,-0.47673708,1.4211165,-1.1799688,0.2209803,-0.99624133,-0.52268773,0.5098596
417,1.0356883,0.5816987,-0.2608645,-0.4048586,2.108913,0.5899944,-0.2594459,0.5116591,0.12256258,-0.70882434
418,0.6114876,0.61712104,-0.16365789,0.19730605,-0.5292322,0.30497053,-0.1770803,0.17420027,0.30008477,1.3385416
419,0.2903236,0.23525773,0.15097277,0.51379335,-0.68262947,-0.34728977,0.15059176,1.1733963,0.20105174,-0.55257684
420,2.3362901,1.0833365,1.0336558,-0.5106903,2.2113264,-0.17837985,1.0146396,0.828046,-0.79665154,0.08605369
421,-1.2141337,-1.0660242,-1.2364297,-0.87200546,0.22817293,-1.0963225,-1.2404128,-1.0224503,-0.2072584,-0.08233388
422,-0.9465084,-1.1441691,-0.012206446,-0.63032657,1.2997814,0.31800595,-0.022654714,-0.20594743,-1.0754931,0.5787477
423,-0.4678728,0.06377008,1.2452055,0.5151628,0.40229633,0.014382573,1.2165899,1.7761608,-1.7498535,1.7647578
424,-0.26086587,0.21219651,-0.032160196,0.43884447,-1.0522426,-1.1908783,-0.03387185,0.25167423,-0.26341227,1.6527843
425,0.032471042,-0.5070742,-0.006861529,0.14077279,-0.09913783,-0.09604324,-0.017577745,-0.72686625,-0.42765403,-0.4195827
426,0.48102129,1.7204274,1.477793,0.2071269,1.8293531,0.37959245,1.4324127,0.7189518,0.9724239,1.2569239
427,-0.013090922,0.47152212,0.54086393,0.17560367,-0.85179156,0.28766325,0.5134352,-0.46865955,-0.58303034,-1.6996019
428,0.8633743,-0.6436612,-1.6753104,0.4435701,-0.37852433,0.48542973,-1.6490335,-0.63076353,2.3343463,-0.059632286
429,0.5881726,0.26942736,-2.1644874,-1.0033367,-0.5727056,-0.061000284,-2.1315882,-0.61795574,2.3140755,-1.3890179
430,1.0993814,0.9257219,1.4043535,1.1721991,0.5871352,0.67224216,1.3788376,1.4046596,1.3911585,2.7715535
431,-1.1206429,-0.978063,-0.34514058,-0.8054721,-0.09043115,-0.22836995,-0.34971052,-1.290331,-0.92634135,-0.6065814
432,0.032394554,-0.15587449,0.8191458,0.22837842,1.421112,0.6889183,0.79988277,0.022489103,-0.7343023,-0.27202776
433,0.85233134,0.63297915,0.13230407,1.2429613,0.17582048,-0.012488111,0.101500586,0.38111106,0.7935763,0.64338404
434,-0.826284,-0.54652685,-0.3426047,0.25100484,0.066047624,0.06761286,-0.34920886,-0.3852879,-1.4293642,0.4967786
435,-0.17828636,0.54717773,0.92780167,-0.59591705,2.923612,0.91963524,0.9154921,0.104816414,-2.0142221,0.30337885
436,1.0408057,1.5839881,-0.017196933,0.95570713,0.07607706,0.33440772,-0.031573735,0.896851,1.4679105,-1.0014174
437,-0.975235,-0.937255,0.34903693,-0.79919577,0.076015286,0.13812949,0.30940986,0.09799614,-0.35473576,-0.5978988
438,-1.1800115,-0.8783212,-1.6377702,-1.7659087,-1.1481904,-0.7877392,-1.6129513,-2.5977347,-1.6727092,-0.57497317
439,-0.16751617,-0.68865424,-1.0280814,-0.3647829,-0.44502825,-0.116825685,-1.0443461,-0.7620762,0.09758728,0.051958278
440,-0.0060706306,-0.19409573,-0.10563197,-0.11525626,-0.9271425,-0.55040187,-0.11020854,-0.61292315,0.31798863,-0.53837377
441,-1.6890299,-1.5998722,-2.092789,-1.4630698,-0.25714496,-1.1107543,-2.0615327,-1.5166963,-0.572966,-1.8848566
442,1.2561482,2.4447243,1.0615147,1.0598315,2.2029488,0.5734929,1.0374118,1.3315432,0.5016332,1.1031392
443,0.4079664,0.82695854,0.9101205,0.89758617,-0.40059668,0.7594135,0.8565404,0.99045056,0.42741024,1.761507
444,-0.074148566,-0.6456849,-0.13296321,0.0453813,-0.6633739,0.27937293,-0.14128114,0.5667555,0.26674306,-0.50664526
445,0.394675,1.810512,1.2276474,0.3666038,-0.21847956,-0.6062246,1.2184558,0.261178,-0.24731974,-2.3472376
446,0.39292237,0.086408116,0.69658923,-0.1644732,0.101368606,-0.8496282,0.65469015,0.5308121,-1.7198225,0.79141337
447,0.8828217,-0.31899497,1.631377,-1.6646589,0.39820665,0.74606955,1.7291805,0.64223975,0.34209916,0.05160836
448,1.0826193,0.31991726,0.6621506,1.4104002,1.8343945,-0.43028975,0.6374332,1.4855956,0.14435898,0.93269074
449,0.8196873,0.32594255,0.939835,1.1644555,0.7919745,-1.1759213,0.91806656,1.6792107,-0.66308045,1.0676346
450,0.093941405,1.2949123,0.0397632,0.7865537,-1.0518198,-0.06766217,0.031419072,1.322623,-0.4603405,1.3799117
451,-1.2987074,-1.300762,-0.27522078,-1.7202892,-0.49183166,-0.8877967,-0.27678022,-1.07841,-1.0237602,-0.83744764
452,0.3344341,0.6772807,-1.9978529,-0.29936492,-0.77953863,0.09077316,-1.9846971,-0.3573151,-0.507419,-0.7129224
453,1.501367,1.4713423,1.0629085,1.1886411,-1.7296622,1.2078335,1.0034132,1.2981464,1.0879251,1.0712906
454,1.3405266,0.11344674,0.34936222,0.625839,0.31389642,2.0280738,0.33357313,1.4350067,0.03730329,-0.21372479
455,-1.9566928,-1.0233306,-1.1915294,-2.0386436,-0.16290085,-1.8816012,-1.185996,-1.6773698,-1.0284568,-1.6367139
456,1.7847166,1.3223424,1.5541068,0.8103272,-0.59047294,0.014791051,1.5513269,0.29153356,0.5267724,1.8712845
457,-0.26085007,-0.15589043,0.2308453,-0.03101858,1.2919188,-0.46251407,0.22060409,-0.81725687,-1.1654582,0.5944052
458,-0.35147485,0.4028911,0.814458,-0.098817244,0.44806746,0.30641928,0.79414237,0.7592452,0.017089313,0.47699237
459,-0.49075675,0.1607025,-0.047085915,0.3750554,-0.2029972,-0.27696788,-0.05836086,0.18734935,1.1268992,0.040090557
460,-0.19837335,0.49597713,0.85447687,0.23992789,1.4571437,0.16163297,0.82633144,0.30061883,-0.018938037,1.4988378
461,0.98772454,0.39475143,0.87160915,0.4628149,-1.2265348,0.1729824,0.8154857,0.6695546,0.46003526,1.4044536
462,-1.1159372,-0.7753521,-1.510492,0.09967486,0.32717642,-0.6339652,-1.4955015,-0.28146106,0.388967,-0.80835766
463,-1.2921575,-1.8074204,0.03241633,-0.74198115,0.23519585,-1.0209769,0.027635831,-0.15257996,-0.056898832,0.60424113
464,0.674866,-0.5106243,-0.9930543,-0.82032555,-0.36372656,-0.48281366,-0.94377726,-0.87150127,-0.7931009,-2.329636
465,0.87391835,0.8833445,0.40115383,0.5145275,-0.14034683,-0.3168182,0.3829024,1.3084775,0.40350485,1.384522
466,0.6519523,0.5825817,0.60373163,0.5062569,1.8063247,0.090644956,0.58102566,1.2159775,0.22184774,1.4007957
467,0.095616534,-0.60141814,1.0356936,-0.22092782,-0.6743243,0.12229135,0.99074036,1.437808,-0.06585318,-0.31473517
468,-1.5959188,-1.6114249,-0.9852307,-0.9876568,-0.6629531,-1.297185,-0.97775704,-0.9147694,-2.396681,-0.18555835
469,0.24030653,0.20217976,-0.61481595,1.0969223,0.16567177,0.27552935,-0.6071109,-0.24807869,0.13427676,-0.9326085
470,-0.97272164,-1.066055,-1.9941446,-0.51947916,-1.286813,-0.36759612,-1.95796,-0.9544391,-0.7078629,-2.2845588
471,0.8228601,0.59661853,-0.26493442,0.30876163,-1.0777065,-0.5238421,-0.27618366,-0.09855398,0.28068358,-0.17234294
472,0.9289915,0.6912411,0.45296586,0.93403345,-0.77087647,-0.29300204,0.4293076,-0.37119475,-0.043379728,1.6619179
473,0.43567285,0.3876315,-1.9337204,0.7125951,-0.196076,-0.46140286,-1.908934,-1.0901295,-0.32670942,-0.92288214
474,0.090933934,0.084235236,0.94765496,0.24349616,-0.43336877,-1.1010053,0.9973992,0.6521521,-0.8334374,-0.727328
475,-0.6666302,0.3547446,0.06389581,0.237987,-1.7011999,0.7412085,0.044412896,-0.84635806,-0.87453747,-0.96304435
476,-0.9327626,0.053207815,-2.037334,-1.0397818,-0.39267033,-1.0797306,-2.0222225,-1.5846468,1.1843573,-1.2324742
477,-1.313349,-0.89248157,0.49200872,-1.507313,0.4015016,-0.4076636,0.5104411,-1.5141646,-0.98073524,-0.8105683
478,0.40882227,-0.7111584,0.40861714,0.16234986,-0.65272367,-0.87239784,0.38774303,0.041475985,0.4661564,1.5480744
479,-1.5384084,-0.0073945476,-0.08799888,-0.52180934,-1.5039643,0.32721433,-0.11980284,-0.600739,0.2123751,-1.3488365
480,-1.3219845,-1.8880664,-1.4115936,-2.0520988,-0.8036465,-1.497399,-1.3857931,-2.3793523,-1.5019803,-0.042913783
481,0.8518299,1.0681932,1.2664677,0.82069904,1.3215818,1.4333717,1.2447683,0.7732199,0.922007,0.73362815
482,-1.1193228,-1.412092,0.7185006,-0.29186568,2.0208917,-2.2915843,0.6742566,0.79995483,-1.3736224,0.13995656
483,0.99826175,1.0607557,0.489022,0.005132928,-0.7121148,0.6691754,0.45293564,0.11835646,2.2915397,0.06597749
484,0.8582976,0.0809611,0.55141985,0.59734523,-1.0738497,0.45861855,0.5182031,1.0204812,-0.20007369,-0.035167243
485,-0.52007174,-0.723595,-1.206629,-1.0063374,-0.72152495,-0.4562564,-1.2034426,-0.5651414,-0.93041104,-1.6377501
486,1.0298227,1.5296676,1.3443892,1.4923519,-1.2354208,1.4520358,1.3477807,0.5681963,0.93838036,0.8635685
487,0.39035857,0.02556255,1.0637435,-0.14545064,-0.7418863,0.47007522,1.0292952,1.4171767,0.04414032,-0.20348108
488,-1.0432119,-1.4484653,-1.0389915,-1.2323421,0.17841692,-1.1305873,-1.0237908,-1.8719777,-1.6566948,-1.2541138
489,-0.93586385,-1.0593468,-0.3088824,-0.22949244,-0.7829051,0.26556703,-0.30594847,-0.39608845,-1.2364477,-1.4997463
490,0.31796932,-0.34269017,0.23416075,0.84938323,0.10971925,0.48463795,0.21987346,-1.7079135,0.6332308,0.00051409495
491,1.5674531,0.95582366,0.09928076,1.2870355,-1.7295364,0.47809848,0.09968182,0.84318966,0.27356595,1.4872496
492,0.06172955,-0.026808478,0.08807124,-0.6371171,1.596777,0.51747245,0.081138834,-0.5945602,-0.23747325,0.63288784
493,0.153529,-0.56339735,1.1429305,-0.5548318,-1.2888076,-1.0414333,1.108313,0.6034197,-0.06725632,-0.34600624
494,0.8341558,0.36236188,-0.38305557,0.6118557,-0.4484352,1.2262402,-0.40158412,0.33746508,0.6297285,0.36455542
495,0.18717846,-0.59761375,0.4342069,-1.2221509,1.3564988,0.038614877,0.44317618,0.2353392,-0.81297565,1.3309922
496,0.17398977,-0.857383,1.234391,-0.29046774,-0.27819687,-0.7430997,1.1973578,-0.44492787,-1.4571197,-0.43223792
497,-2.17623,-1.3221723,-1.0202171,-2.3787587,-0.6270094,-2.4458878,-1.0209249,-1.9072841,-1.3371419,-1.3471591
498,1.9990394,2.2081218,0.30398786,1.188128,0.0076976847,0.6772749,0.2904523,0.99952906,0.23033425,0.48390305
499,-0.11736319,0.8054496,1.6469216,-1.4041097,-0.9137991,0.20122997,1.9872473,0.61639136,0.17106466,1.2898225
500,-1.0256989,-1.9302194,-1.9580826,-1.6418968,-0.024011979,-1.8196048,-1.939444,-1.9103001,-2.3345172,-0.1986955
